-- --------------------------------------------------------
-- Host:                         127.0.0.1
-- Server version:               10.4.32-MariaDB - mariadb.org binary distribution
-- Server OS:                    Win64
-- HeidiSQL Version:             12.6.0.6765
-- --------------------------------------------------------

/*!40101 SET @OLD_CHARACTER_SET_CLIENT=@@CHARACTER_SET_CLIENT */;
/*!40101 SET NAMES utf8 */;
/*!50503 SET NAMES utf8mb4 */;
/*!40103 SET @OLD_TIME_ZONE=@@TIME_ZONE */;
/*!40103 SET TIME_ZONE='+00:00' */;
/*!40014 SET @OLD_FOREIGN_KEY_CHECKS=@@FOREIGN_KEY_CHECKS, FOREIGN_KEY_CHECKS=0 */;
/*!40101 SET @OLD_SQL_MODE=@@SQL_MODE, SQL_MODE='NO_AUTO_VALUE_ON_ZERO' */;
/*!40111 SET @OLD_SQL_NOTES=@@SQL_NOTES, SQL_NOTES=0 */;

-- Dumping data for table shoping.orders: ~68 rows (approximately)
INSERT INTO `orders` (`o_id`, `cost`, `p_id`) VALUES
	(1, 7, '8850999321004'),
	(2, 7, '8850999321004'),
	(3, 7, '8850999321004'),
	(4, 7, '8850166102917'),
	(5, 10, '8851717200670'),
	(6, 16, '8851959132074'),
	(7, 16, '8851959132074'),
	(8, 16, '8851959132074'),
	(9, 16, '8851959132074'),
	(10, 16, '8851959132074'),
	(11, 16, '8851959132074'),
	(12, 16, '8851959132074'),
	(13, 10, '8851717200670'),
	(14, 10, '8851717200670'),
	(15, 10, '8851717200670'),
	(16, 10, '8851717200670'),
	(17, 10, '8851717200670'),
	(18, 10, '8851717200670'),
	(19, 10, '8851717200670'),
	(20, 10, '8851717200670'),
	(21, 10, '8851717200670'),
	(22, 10, '8851717200670'),
	(23, 10, '8851717200670'),
	(24, 10, '8851717200670'),
	(25, 10, '8851717200670'),
	(26, 10, '8851717200670'),
	(27, 7, '8850999321004'),
	(28, 7, '8850999321004'),
	(29, 7, '8850999321004'),
	(30, 7, '8850999321004'),
	(31, 7, '8850999321004'),
	(32, 7, '8850999321004'),
	(33, 7, '8850999321004'),
	(34, 7, '8850999321004'),
	(35, 7, '8850999321004'),
	(36, 7, '8850999321004'),
	(37, 7, '8850999321004'),
	(38, 7, '8850999321004'),
	(39, 7, '8850999321004'),
	(40, 7, '8850999321004'),
	(41, 7, '8850999321004'),
	(42, 7, '8850999321004'),
	(43, 7, '8850999321004'),
	(44, 7, '8850999321004'),
	(45, 7, '8850999321004'),
	(46, 7, '8850999321004'),
	(47, 7, '8850999321004'),
	(48, 7, '8850999321004'),
	(49, 7, '8850999321004'),
	(50, 7, '8850999321004'),
	(51, 7, '8850999321004'),
	(52, 7, '8850999321004'),
	(53, 7, '8850999321004'),
	(54, 7, '8850999321004'),
	(55, 7, '8850999321004'),
	(56, 16, '8851959132074'),
	(57, 16, '8851959132074'),
	(58, 16, '8851959132074'),
	(59, 7, '8850166102917'),
	(60, 7, '8850166102917'),
	(61, 7, '8850166102917'),
	(62, 7, '8850166102917'),
	(63, 7, '8850166102917'),
	(64, 7, '8850166102917'),
	(65, 7, '8850166102917'),
	(66, 7, '8850166102917'),
	(67, 10, '8851717200670'),
	(68, 7, '8850166102917'),
	(69, 7, '8850166102917'),
	(70, 7, '8850166102917'),
	(71, 16, '8851959132074'),
	(72, 16, '8851959132074');

-- Dumping data for table shoping.product: ~4 rows (approximately)
INSERT INTO `product` (`p_id`, `name_p`, `cost`, `reamaining`, `t_id`) VALUES
	('8850166102917', 'น้ำดื่มสปริงเคิล 550มล.', 7, 88, 1),
	('8850999321004', 'น้ำดื่มสิงห์ 600มล.', 7, 68, 1),
	('8851717200670', 'ดีน่า สูตรงาดำสองเท่า น้ำตาลน้อย 180มล.', 10, 84, 2),
	('8851959132074', 'โค๊ก สูตรไม่มีน้ำตาล 325มล.', 16, 88, 1);

-- Dumping data for table shoping.type_product: ~4 rows (approximately)
INSERT INTO `type_product` (`t_id`, `name_type`) VALUES
	(1, 'เครื่องดื่ม'),
	(2, 'นม'),
	(3, 'ขนมกรุบกรอบ'),
	(4, 'ขนมหวาน');

/*!40103 SET TIME_ZONE=IFNULL(@OLD_TIME_ZONE, 'system') */;
/*!40101 SET SQL_MODE=IFNULL(@OLD_SQL_MODE, '') */;
/*!40014 SET FOREIGN_KEY_CHECKS=IFNULL(@OLD_FOREIGN_KEY_CHECKS, 1) */;
/*!40101 SET CHARACTER_SET_CLIENT=@OLD_CHARACTER_SET_CLIENT */;
/*!40111 SET SQL_NOTES=IFNULL(@OLD_SQL_NOTES, 1) */;
